customer_id,customer_name,segment,total_sales,rank_in_segment
RB-19360,Raymond Buch,Consumer,15117.35,1
AB-10105,Adrian Barton,Consumer,14473.57,2
KL-16645,Ken Lonsdale,Consumer,14175.23,3
SC-20095,Sanjit Chand,Consumer,14142.34,4
HL-15040,Hunter Lopez,Consumer,12873.3,5
SE-20110,Sanjit Engle,Consumer,12209.44,6
CC-12370,Christopher Conant,Consumer,12129.08,7
GT-14710,Greg Tran,Consumer,11820.12,8
BM-11140,Becky Martin,Consumer,11789.64,9
SV-20365,Seth Vernon,Consumer,11470.94,10
TC-20980,Tamara Chand,Corporate,19052.22,1
TS-21370,Todd Sumrall,Corporate,11891.75,2
BS-11365,Bill Shonely,Corporate,10501.65,3
EH-13765,Edward Hooks,Corporate,10310.87,4
GT-14635,Grant Thornton,Corporate,9351.2,5
HW-14935,Helen Wasserman,Corporate,9300.25,6
JD-16150,Justin Deggeller,Corporate,8828.04,7
LA-16780,Laura Armstrong,Corporate,8673.23,8
NC-18535,Nick Crebassa,Corporate,8241.74,9
HM-14860,Harry Marie,Corporate,8236.76,10
SM-20320,Sean Miller,Home Office,25043.07,1
TA-21385,Tom Ashbrook,Home Office,14595.62,2
ME-17320,Maria Etezadi,Home Office,10663.73,3
KF-16285,Karen Ferguson,Home Office,10604.26,4
DR-12940,Daniel Raglin,Home Office,8350.87,5
AB-10060,Adam Bellavance,Home Office,7731.07,6
PP-18955,Paul Prost,Home Office,7252.61,7
RH-19510,Rick Huthwaite,Home Office,6979.18,8
Dp-13240,Dean percer,Home Office,6886.8,9
PS-19045,Penelope Sewall,Home Office,6843.63,10
